tags,value
santamonicamountains,11
nature,8
myerslake,7
andygriffithshow,7
losangelesmountains,7
losangelestvlocations,7
mayberrylake,7
mayberrync,7
mutt,7
andygriffith,7
filminglocations,7
pet,7
rustythedog,7
thefishinhole,7
tvlocations,7
tvshowlocations,7
franklincanyonlake,7
losangelesfilminglocations,7
californiadreamsphotographycom,7
chihuahuamix,7
dog,7
californiadreamsphotography,7
canine,7
grass,6
spring,4
softportrait,4
soft,4
springtime,4
beautifulwoman,4
portraiture,4
portrait,4
beauty,4
franklincanyon,4
beverlyhills,4
beautifulgirl,4
beautiful,4
beautifullady,4
neloniecrelencia,4
diptych,4
girlwithdaisies,4
womanwithdaisies,4
lanceloniephotography,4
ladywithflowers,4
ladywithdaisies,4
womanwithflowers,4
hoperosemary,4
girlwithflowers,4
neature,3
trees,3
ducks,2
girlontopoftree,2
girlontree,2
womanontree,2
womanontopoftree,2
ladyontopoftree,2
ladyontree,2
lake,2
urbanhiking,1
weeksfordogs,1
water,1
evergreens,1
upperfranklinreservoir,1
bark,1
sky,1
sign,1
dogsonleash,1
frog,1
wood,1
